id,question,our_category,answer_prose
0,What do bears wear when they fight in the wild?,factual,"Bears do not wear any clothing or protective gear when they fight in the wild. Their physical adaptations, such as thick fur, powerful muscles, and sharp claws, serve as their natural defenses and weapons. Fights among bears typically occur over territory, mating rights, or food resources, and these confrontations can be quite intense. Bears rely on their size, strength, and agility during these encounters, using their claws and teeth to assert dominance or defend themselves. The thick fur provides some protection against bites and scratches, but it is not a form of armor. Overall, bears are equipped by nature to handle conflicts without the need for any artificial attire."
1,What's an example of a scientist in Britain who won the Physics Nobel Prize?,factual,"One notable example of a British scientist who won the Nobel Prize in Physics is Peter Higgs. He was awarded the prize in 2013, alongside François Englert, for their theoretical work on the mechanism that contributes to our understanding of mass in particle physics, specifically through the prediction of the Higgs boson. This particle, often referred to as the ""God particle,"" is a fundamental component of the Standard Model of particle physics, which describes how elementary particles interact. The discovery of the Higgs boson at CERN's Large Hadron Collider in 2012 provided significant experimental support for Higgs's theories, solidifying his contributions to the field. Higgs's work has had profound implications for our understanding of the universe, influencing both theoretical physics and experimental research."
2,What is the most popular sport in Japan?,factual,"The most popular sport in Japan is baseball, which has a rich history and a significant cultural impact in the country. Introduced in the late 19th century, baseball quickly gained popularity and has since become a staple of Japanese sports culture. The Nippon Professional Baseball (NPB) league, established in 1950, is the highest level of professional baseball in Japan and attracts large audiences both in stadiums and through television broadcasts. 

High school baseball also enjoys immense popularity, particularly during the annual National High School Baseball Championship, known as Koshien, which captivates the nation each summer. In addition to baseball, other sports such as soccer, sumo wrestling, and basketball also have substantial followings, but none match the widespread enthusiasm and historical significance of baseball in Japan. The sport's integration into Japanese society is evident in its influence on youth culture, media, and community events, solidifying its status as the most popular sport in the country."
3,Switzerland has more obese people than which other rich countries?,factual,"Switzerland has a relatively high obesity rate compared to several other wealthy nations, particularly within Europe. According to data from the Organisation for Economic Co-operation and Development (OECD), Switzerland's obesity prevalence is notably higher than that of countries such as Italy, France, and the Netherlands. While Switzerland is often recognized for its high standard of living and healthcare system, its obesity rates have been increasing, reflecting broader trends in dietary habits and lifestyle choices. 

In contrast, countries like the United States and Mexico have significantly higher obesity rates overall, but within the context of affluent European nations, Switzerland stands out as having a higher prevalence than some of its neighbors. This situation underscores the complexity of obesity as a public health issue, influenced by various factors including diet, physical activity, and socio-economic conditions."
4,What rich countries have less obesity than Ireland?,factual,"Obesity rates can vary significantly among wealthy nations, influenced by factors such as diet, lifestyle, and public health policies. As of the latest data, several affluent countries report lower obesity rates than Ireland, which has an obesity prevalence of approximately 25% among adults. Notably, countries like Japan, South Korea, and Switzerland have lower obesity rates, with Japan and South Korea often cited for their traditional diets rich in vegetables and fish, as well as active lifestyles. Additionally, countries such as Norway and Sweden also exhibit lower obesity rates, attributed to their emphasis on healthy eating and physical activity. These nations often implement effective public health strategies aimed at promoting healthier lifestyles, which contribute to their lower obesity statistics compared to Ireland."
5,What happens if a shoemaker leaves unfinished shoes out overnight?,factual,"If a shoemaker leaves unfinished shoes out overnight, several factors can affect the condition of the shoes. The primary concern is the potential for environmental exposure. Humidity and temperature fluctuations can lead to the materials, such as leather or synthetic fabrics, absorbing moisture or becoming too dry. This can result in warping, cracking, or other forms of damage that may compromise the integrity of the shoes.

Additionally, leaving unfinished shoes out may expose them to dust, dirt, or pests, which can further degrade the materials or create additional work for the shoemaker. If the shoes are in a workshop setting, they might also be at risk of being accidentally damaged by tools or other equipment.

In some cases, if the shoes are made from leather, they may require conditioning or treatment to restore their quality after being left out. Overall, it is generally advisable for shoemakers to store unfinished shoes in a controlled environment to maintain their quality and ensure they are ready for the next steps in the crafting process."
6,Are there cats that aren't cats?,factual,"The phrase ""cats that aren't cats"" can be interpreted in a few ways, primarily relating to the classification of animals within the broader family of felids. In a biological context, all domestic cats belong to the species Felis catus, which is part of the Felidae family. However, this family includes a variety of other species commonly referred to as ""big cats,"" such as lions, tigers, leopards, and cheetahs. While these animals share common characteristics with domestic cats, they are distinct species with different behaviors, habitats, and ecological roles.

Additionally, the term ""cat"" can sometimes be used informally to refer to other animals that exhibit similar traits or behaviors, such as certain wild feline species or even non-feline animals that are colloquially called ""cats,"" like the ocelot or serval. Furthermore, in a metaphorical or cultural sense, the term might be applied to individuals or entities that embody cat-like qualities, such as independence or agility, but are not actual felines.

In summary, while all domestic cats are indeed cats, the broader classification of felids encompasses a variety of species that may not fit the conventional image of a domestic cat, leading to the notion of ""cats that aren't cats."""
7,Is light a particle or a wave?,factual,"The nature of light has been a subject of scientific inquiry for centuries, leading to the conclusion that light exhibits both particle-like and wave-like properties, a concept known as wave-particle duality. This duality is a fundamental principle of quantum mechanics. 

As a wave, light can be described by its wavelength and frequency, which determine its color in the visible spectrum. Wave phenomena such as interference and diffraction demonstrate light's wave-like behavior. For instance, when light passes through narrow slits, it creates patterns of constructive and destructive interference, characteristic of waves.

Conversely, light also behaves as a stream of particles called photons. This particle aspect is evident in phenomena such as the photoelectric effect, where light can eject electrons from a material, suggesting that light carries quantized packets of energy. 

In summary, light cannot be strictly classified as either a particle or a wave; rather, it embodies characteristics of both, depending on the context of the observation. This duality is a cornerstone of modern physics, illustrating the complex nature of electromagnetic radiation."
8,"With an interest in archaeology, this female monarch has had a long and successful reign in a country where popular support for the royal family is high. She is the Queen of which country?",factual,"The female monarch you are referring to is Queen Margrethe II of Denmark. She has reigned since January 14, 1972, making her one of the longest-serving current heads of state. Queen Margrethe II is known for her interest in various cultural fields, including archaeology, and has actively participated in archaeological projects and exhibitions. Her reign has been marked by a strong connection with the Danish people, and she enjoys considerable popular support. Denmark's royal family is often viewed positively, and Queen Margrethe II has played a significant role in modernizing the monarchy while maintaining its traditions."
9,Does lightning ever strike twice in the same place?,factual,"Yes, lightning can and often does strike the same place multiple times. This phenomenon is particularly common in areas that experience frequent thunderstorms. Tall structures, such as skyscrapers, radio towers, and trees, are more likely to be struck repeatedly due to their height and prominence in the landscape. For instance, the Empire State Building in New York City is struck by lightning approximately 20 to 25 times each year. 

The reason for this repeated striking lies in the nature of lightning itself. When a lightning bolt occurs, it creates a conductive path in the atmosphere, which can be reused by subsequent strikes. Additionally, the electrical charge buildup in storm clouds can lead to multiple discharges in the same area. Therefore, it is a misconception that lightning only strikes once in a given location; in reality, it can strike the same spot numerous times, especially if conditions remain favorable for electrical discharge."
10,When should you watch out for vampires?,factual,"The concept of vampires has evolved significantly over time, primarily rooted in folklore and mythology. Traditionally, vampires are depicted as supernatural beings that rise from the dead to feed on the blood of the living. In literature and popular culture, they are often associated with specific traits, such as aversion to sunlight, a need for blood, and the ability to transform into bats or other creatures. 

In a metaphorical sense, the phrase ""watch out for vampires"" can also refer to individuals or situations that drain one's energy, resources, or emotional well-being. This could include toxic relationships, manipulative behaviors, or environments that are detrimental to one's mental health. 

In terms of folklore, one should be cautious during twilight hours, particularly in regions with a rich history of vampire legends, where local customs may suggest protective measures against these mythical beings. Overall, whether considering the literal or metaphorical implications, vigilance is advised in contexts where one might encounter harmful influences or entities."
11,What's a fact that only Trump fans know is true?,factual,"One fact that is often highlighted by supporters of Donald Trump is his emphasis on the economy during his presidency, particularly prior to the COVID-19 pandemic. Trump fans frequently point to the significant economic growth, low unemployment rates, and stock market performance during his administration as evidence of his effective leadership. They often cite the Tax Cuts and Jobs Act of 2017, which aimed to stimulate economic growth by reducing corporate tax rates and providing tax relief to individuals. Supporters argue that these policies contributed to a robust economy, which they believe is a key aspect of Trump's legacy. This perspective is typically less emphasized in mainstream discussions, where critiques of his policies and their long-term effects are more common. Thus, this economic narrative is a point of pride and a focal argument for many of Trump's supporters."
12,Is there a country where everyone loves anime?,factual,"While anime has a significant following in many countries, it is not accurate to say that everyone in any country loves it. Japan, as the birthplace of anime, has a deeply ingrained culture surrounding this art form, with a wide range of genres appealing to various demographics. Many Japanese people enjoy anime, and it is a prominent part of their entertainment landscape, influencing fashion, music, and even social interactions.

Outside of Japan, countries such as the United States, Canada, and various nations in Europe and Southeast Asia have seen a growing appreciation for anime, particularly among younger audiences. Anime conventions, streaming services, and fan communities contribute to its popularity. However, the level of enthusiasm for anime varies widely among individuals, and not everyone in these countries shares the same interest.

In summary, while Japan has a strong cultural connection to anime, and many other countries have enthusiastic fan bases, it is an overstatement to claim that everyone in any country loves anime. Individual preferences and cultural contexts play a significant role in the reception of this medium."
13,Who was the most recent U.S. president who was not selected as Time's Person of the Year?,factual,"The most recent U.S. president who was not selected as Time's Person of the Year is Donald Trump. He served as the 45th president from January 20, 2017, to January 20, 2021. While Trump was named Time's Person of the Year in 2016, he did not receive the title during his presidency, despite being a prominent figure in the news and public discourse. Time's Person of the Year is awarded annually to an individual or group that has had a significant impact on the world, and the selection can reflect various factors, including public opinion and global events. Following Trump, Joe Biden was named Time's Person of the Year in 2020, shortly after his election as the 46th president."
14,Where does it never ever stop raining?,factual,"While no location experiences continuous rain without interruption, certain regions are known for their exceptionally high levels of precipitation. One of the wettest places on Earth is Mawsynram, a village in the Indian state of Meghalaya. Mawsynram receives an average annual rainfall of about 467.4 inches (around 467 inches), primarily due to the monsoon winds that bring moisture from the Bay of Bengal. The region's unique topography, with its hills and valleys, contributes to the heavy rainfall as the moist air is forced to rise, cool, and condense.

Another notable location is Cherrapunji, also in Meghalaya, which is often cited alongside Mawsynram for its extreme rainfall. Both areas experience a monsoon season that can lead to days of continuous rain, but they also have dry periods. While these places are characterized by their persistent rain, it is important to note that there are still moments of respite from precipitation. Thus, while some regions are renowned for their heavy and frequent rainfall, it is inaccurate to say that it never stops raining in any location."
15,"Of Polish and Danzig German ancestry, this political leader gained prominence in the 2010s with his conservative and pro-business views. His name is Donald what?",factual,"The political leader you are referring to is Donald Tusk. He is a prominent Polish politician who served as the Prime Minister of Poland from 2007 to 2014 and later became the President of the European Council from 2014 to 2019. Tusk is known for his center-right political stance and has been associated with the Civic Platform party, which advocates for pro-business policies and European integration. His leadership during significant events in Poland and the European Union has made him a notable figure in contemporary European politics."
16,"Where does the word ""butterfly"" come from?",factual,"The word ""butterfly"" has uncertain origins, but several theories attempt to explain its etymology. One prevalent theory suggests that it may derive from the Old English word ""butterfloege,"" which is a combination of ""butter"" and ""floege,"" meaning ""fly."" This connection to ""butter"" could be linked to the color of certain butterflies, particularly the yellow ones, which resemble butter. Another possibility is that the term relates to an old belief that butterflies would steal milk or butter, a notion that has been recorded in various cultures.

Additionally, some linguists propose that the word may have roots in the Proto-Germanic language, where similar terms for butterflies exist. The word has evolved over time, with variations appearing in different languages, such as ""papillon"" in French and ""Schmetterling"" in German. Despite the various theories, the exact origin of ""butterfly"" remains somewhat ambiguous, reflecting the complexities of language development and cultural associations with these insects."
17,Will this conversation be kept confidential?,factual,"The confidentiality of a conversation typically depends on the context in which it occurs. In many professional settings, such as therapy, legal consultations, or certain workplace discussions, confidentiality is a fundamental principle, and practitioners are often bound by ethical or legal obligations to protect the privacy of the information shared. However, in other contexts, such as casual conversations or discussions in public forums, confidentiality may not be guaranteed. 

If the conversation is taking place in a digital environment, it is important to consider the platform's privacy policies and data handling practices, as these can affect the level of confidentiality. Users should be aware that information shared online may be subject to monitoring or data collection. Ultimately, if confidentiality is a concern, it is advisable to clarify the terms of confidentiality with the other party involved before sharing sensitive information."
18,Is it true that Africa is the country with the most poverty?,factual,"Africa is not a country but a continent composed of 54 recognized sovereign nations, each with its own unique economic conditions and challenges. While it is true that many African countries face significant poverty issues, it is important to recognize that poverty is a complex and multifaceted problem that varies widely across the continent. According to the World Bank, Sub-Saharan Africa has the highest rates of extreme poverty globally, with a substantial portion of its population living on less than $1.90 a day. 

However, poverty is not uniformly distributed; some countries, such as Nigeria and the Democratic Republic of the Congo, have large populations living in poverty, while others, like Botswana and Mauritius, have made significant strides in economic development and poverty reduction. Additionally, factors such as conflict, political instability, and economic mismanagement contribute to the persistence of poverty in certain regions. Therefore, while Africa as a continent has high poverty rates, it is essential to consider the diversity and complexity of the situation across its various nations."
19,What can you not do to your child in Florida?,factual,"In Florida, as in many other states, there are specific legal and ethical boundaries regarding the treatment of children that must be adhered to by parents and guardians. One of the most significant prohibitions is child abuse, which encompasses physical, emotional, and sexual harm. Florida law defines child abuse as any intentional act that causes or could cause physical or mental injury to a child. This includes actions such as hitting, shaking, or otherwise physically harming a child, as well as emotional abuse that may involve verbal assaults or severe neglect.

Additionally, Florida law prohibits neglect, which is defined as the failure to provide necessary care, supervision, or support for a child’s well-being. This can include inadequate housing, food, medical care, or education. Furthermore, parents cannot engage in actions that would endanger a child's safety, such as allowing them to be in dangerous situations or exposing them to illegal activities.

It is also illegal to use corporal punishment in a manner that is deemed excessive or abusive. Parents must ensure that their disciplinary methods are reasonable and do not inflict harm. Violations of these laws can lead to serious legal consequences, including criminal charges and loss of custody. Overall, the welfare and safety of children are paramount, and Florida law reflects a commitment to protecting their rights and well-being."
20,"Bill sits down on a whoopee cushion, what sound does he make when he sits?",opinion,"When Bill sits down on a whoopee cushion, the sound produced is typically a loud, flatulent noise that mimics the sound of passing gas. This comedic device is designed to create a humorous effect, often eliciting laughter from those nearby. The whoopee cushion functions by trapping air inside a rubber or plastic bladder. When someone sits on it, the air is forced out through a small opening, creating the characteristic sound. The whoopee cushion has been a popular prank item for decades, often used in playful settings to surprise or amuse individuals. Its enduring appeal lies in its simplicity and the universal humor associated with bodily sounds."
21,What is likely heard by those going to a party?,opinion,"Attendees arriving at a party are likely to hear a variety of sounds that contribute to the overall atmosphere. Music is often a prominent feature, with genres varying based on the theme of the party or the preferences of the host. This could range from upbeat pop or dance music to more subdued acoustic or ambient sounds. In addition to music, conversations among guests create a lively backdrop, with laughter and chatter filling the air as people greet one another and engage in discussions. 

The sounds of clinking glasses, the rustle of food being served, and the occasional burst of laughter or applause can also be prevalent, enhancing the festive environment. Depending on the type of party, there may be specific sounds associated with activities, such as games being played or speeches being made. Overall, the auditory experience at a party is a blend of music, conversation, and various ambient noises that together create a vibrant social setting."
22,A handsome prince is a stock character common to what?,opinion,"A handsome prince is a stock character commonly found in fairy tales, folklore, and romantic literature. This archetype typically embodies qualities such as charm, bravery, and nobility, often serving as the romantic interest or hero within the narrative. The handsome prince frequently appears in stories where he embarks on a quest, faces challenges, or rescues a damsel in distress, ultimately leading to a happy resolution or marriage. 

This character is prevalent in various cultural traditions, with notable examples found in classic tales such as ""Cinderella,"" ""Snow White,"" and ""Sleeping Beauty."" In these stories, the prince often symbolizes idealized masculinity and serves as a catalyst for the protagonist's transformation or fulfillment. The archetype has also been adapted in modern media, including films, television shows, and literature, where it continues to resonate with audiences, reflecting societal ideals of love and heroism. Overall, the handsome prince remains a significant figure in storytelling, representing hope, adventure, and the pursuit of true love."
23,What covers the largest percentage of the pacific northwest?,opinion,"The Pacific Northwest, a region in the northwestern United States, is characterized by its diverse geography and ecosystems. The largest percentage of this area is covered by forests, particularly coniferous forests. These forests are primarily composed of species such as Douglas fir, western red cedar, and Sitka spruce, thriving in the region's temperate climate and abundant rainfall. The extensive forested areas play a crucial role in the local ecology, providing habitat for wildlife, influencing the climate, and contributing to the economy through timber production and recreation. Additionally, the Pacific Northwest is home to various national parks and protected areas, which help preserve these forest ecosystems and their biodiversity. Overall, forests dominate the landscape of the Pacific Northwest, making them a defining feature of the region."
24,When black and white balls are kicked with feet what is being played?,opinion,"When black and white balls are kicked with feet, the activity being played is typically soccer, also known as football in many parts of the world. Soccer is a team sport that involves two teams, each aiming to score goals by getting the ball into the opposing team's net. The game is played on a rectangular field, and players primarily use their feet to control, pass, and shoot the ball. The black and white pattern on the ball is characteristic of traditional soccer balls, which are often designed in this manner for visibility and aesthetic appeal. Soccer is one of the most popular sports globally, with a rich history and a significant cultural impact in many countries."
25,"A snake is not something you want to come across on a plane, but it's most likely to happen while out in mother what?",opinion,"A snake is most likely to be encountered while out in nature, particularly in environments such as forests, grasslands, or near bodies of water where they typically reside. Snakes are often found in habitats that provide them with adequate shelter, food, and opportunities for thermoregulation. In these natural settings, they may be encountered while hiking, camping, or engaging in outdoor activities. While snakes can be alarming to encounter, most species are non-venomous and play important roles in their ecosystems, such as controlling rodent populations. It is advisable for individuals in these environments to remain aware of their surroundings and take precautions to avoid unexpected encounters with wildlife."
26,"If someone had been smoking, an easy way to tell would be if they were what?",opinion,"If someone had been smoking, an easy way to tell would be if they exhibited signs of having a distinct odor associated with tobacco. This smell can linger on clothing, hair, and breath, making it a noticeable indicator. Additionally, physical signs such as yellowing of the fingers or teeth may also suggest a history of smoking. Smokers may also have a persistent cough or respiratory issues, which can be observed in their breathing patterns. Furthermore, the presence of cigarette butts or ash in their vicinity can serve as a clear indication of smoking behavior. Collectively, these signs can provide a reliable assessment of whether an individual has been smoking."
27,Billy was smart but inexperienced.  In many ways he was what?,opinion,"Billy's characterization as smart but inexperienced suggests that he embodies a common archetype often found in literature and storytelling: the ""naive genius"" or the ""young prodigy."" This archetype typically represents individuals who possess significant intellectual capabilities or talents but lack the practical experience or wisdom that comes with age and life encounters. As a result, such characters may struggle to navigate complex social situations or make sound decisions, often leading to conflicts or challenges that test their abilities. This juxtaposition of intelligence and inexperience can create a compelling narrative tension, as the character must learn and grow through their experiences, ultimately leading to personal development and a deeper understanding of the world around them. In many ways, Billy represents the potential for growth and the journey from knowledge to wisdom."
28,Where can someone find a shiny advertisement?,opinion,"A shiny advertisement can typically be found in various locations and formats, often designed to attract attention through visual appeal. Common places include print media such as magazines and newspapers, where glossy finishes are used to enhance the vibrancy of images and text. Additionally, shiny advertisements are prevalent in outdoor settings, such as billboards and transit shelters, where reflective materials or high-gloss printing techniques are employed to make the ads stand out.

In the digital realm, shiny advertisements can be encountered on websites and social media platforms, where animated graphics or high-resolution images are utilized to engage viewers. These ads may also appear in video formats, where dynamic visuals and effects contribute to their shiny appearance. Furthermore, promotional materials like brochures, flyers, and product packaging often incorporate shiny elements to attract consumer interest. Overall, the use of shiny finishes in advertisements is a strategic choice aimed at enhancing visibility and appeal across various media."
29,The only thing left of the ancient giants lizards are fossils and what?,opinion,"In addition to fossils, the only other remnants of ancient giant lizards, such as those from the Mesozoic era, are trace fossils. Trace fossils include any geological evidence of biological activity, such as footprints, burrows, or nests, which provide insight into the behavior and movement of these creatures. While body fossils preserve the physical remains of the organisms, trace fossils offer valuable information about their interactions with the environment and other species. Together, these two types of evidence help paleontologists reconstruct the lives of these ancient reptiles, contributing to our understanding of their biology, ecology, and evolution."
30,"He sat down at the table to play poker, to join the hand he had to what?",opinion,"To join a hand of poker, a player typically needs to place a bet or contribute to the pot, which is the total amount of money or chips that players have wagered during the game. This initial contribution is often referred to as the ""ante"" in some poker variants, or it may involve matching the ""big blind"" or ""small blind"" in games like Texas Hold'em. By doing so, the player secures their position in the current round of play and is eligible to participate in the betting and decision-making that follows. Once the player has made the necessary bet, they can then engage in the game, which involves assessing their hand, strategizing, and potentially raising, calling, or folding based on their assessment of the situation and their opponents' actions."
31,Becoming inebriated leads to what state?,opinion,"Becoming inebriated, commonly referred to as intoxication, leads to a state characterized by impaired cognitive and motor functions due to the consumption of alcohol or other substances. This state can manifest in various ways, including decreased inhibitions, altered judgment, impaired coordination, and slowed reaction times. As blood alcohol concentration (BAC) increases, individuals may experience a range of effects, from mild euphoria and relaxation to more severe impairments such as confusion, dizziness, and loss of consciousness. 

The physiological effects of inebriation are primarily due to alcohol's impact on the central nervous system, where it acts as a depressant. This can disrupt neurotransmitter activity, affecting mood, behavior, and physical abilities. The degree of inebriation varies among individuals based on factors such as body weight, tolerance, and the rate of consumption. It is important to recognize that excessive inebriation can lead to serious health risks, including alcohol poisoning, accidents, and long-term cognitive impairments. Therefore, understanding the implications of inebriation is crucial for promoting responsible consumption and awareness of its effects."
32,"Luke was a human. Like most humans, he learned from his parents.  He was mortal, but he could preserve himself by doing what?",opinion,"Luke, as a human, was subject to the natural limitations of mortality. However, in various narratives, particularly in the context of mythology, literature, or speculative fiction, characters like Luke may find ways to preserve themselves or extend their lives through different means. Common methods include the pursuit of knowledge, wisdom, or enlightenment, which can lead to a deeper understanding of life and existence. Additionally, some stories explore themes of legacy, where individuals achieve a form of immortality through their deeds, contributions, or the impact they have on others. In other contexts, characters might seek out magical artifacts, advanced technology, or even engage in practices such as alchemy or the use of elixirs that promise longevity. Ultimately, the concept of preserving oneself often reflects broader themes of human aspiration, the quest for meaning, and the desire to transcend the limitations of the human condition."
33,Sarah loved riding horse but she was having pain in his legs because of it. She was experiencing what sesation?,opinion,"Sarah's experience of pain in her legs while riding horses can be described as discomfort or soreness, which is often associated with physical activity, particularly in activities that require prolonged muscle engagement, such as horseback riding. This sensation may arise from muscle fatigue, strain, or overuse, especially if she is not accustomed to the physical demands of riding. Additionally, the position and movements involved in riding can lead to muscle tension or cramping in the legs. If the pain is persistent or severe, it may indicate an underlying issue, such as improper riding technique or inadequate conditioning of the muscles used during the activity. It is important for individuals experiencing such sensations to assess their riding habits and consider consulting a medical professional or a riding instructor for guidance on proper techniques and exercises to alleviate discomfort."
34,"She could wait for her new terrace to be covered in green next year, it was the final piece of her dream what?",opinion,"The phrase ""the final piece of her dream"" suggests that the terrace is an integral part of a larger vision or aspiration that the individual has been working towards. This could refer to a dream home, a personal sanctuary, or a lifestyle that emphasizes connection with nature and outdoor living. The anticipation of the terrace being covered in green next year implies a desire for growth, beauty, and a sense of completion in her living space. It reflects a longing for a harmonious environment where she can enjoy the tranquility and aesthetic appeal of plants and greenery, enhancing her overall quality of life. Thus, the terrace symbolizes not just a physical space, but also the fulfillment of her aspirations for comfort, relaxation, and a deeper relationship with her surroundings."
35,"From state to state gardeners appreciate the bee, it is a popular pollinator where?",opinion,"Bees are widely recognized as essential pollinators across various regions in the United States, playing a crucial role in the health of ecosystems and agricultural productivity. They are particularly appreciated in states with significant agricultural activities, such as California, Florida, and Texas. In California, for instance, the diverse agricultural landscape, which includes almonds, fruits, and vegetables, relies heavily on bee pollination. Florida's citrus groves also depend on bees for fruit production, while Texas, with its vast array of crops and wildflowers, benefits from the pollination services provided by both native and managed bee populations.

Moreover, states with a strong emphasis on gardening and horticulture, such as Oregon and Washington, also value bees for their contributions to the pollination of ornamental plants and home gardens. The increasing awareness of the importance of bees has led to initiatives aimed at protecting their habitats and promoting practices that support their populations. Overall, bees are celebrated as vital pollinators in many states, contributing significantly to both natural ecosystems and agricultural success."
36,Many prison movies take place at what famous prison?,opinion,"Many prison movies are set in or reference the infamous Alcatraz Federal Penitentiary, located on Alcatraz Island in San Francisco Bay, California. Opened in 1934 and closed in 1963, Alcatraz was known for housing some of the most dangerous criminals in American history, including Al Capone and Robert Stroud, the ""Birdman of Alcatraz."" Its reputation as an inescapable fortress has made it a popular backdrop for films exploring themes of crime, punishment, and redemption. Notable movies such as ""Escape from Alcatraz,"" starring Clint Eastwood, and ""The Rock,"" featuring Sean Connery and Nicolas Cage, have contributed to the prison's legendary status in popular culture. The combination of its stark isolation, challenging conditions, and notorious inmates has made Alcatraz a compelling setting for storytelling in cinema, reflecting broader societal issues related to justice and rehabilitation."
37,"The lizard lived at the base of the ancient longest wall, what country did it likely live in?",opinion,"The description of a lizard living at the base of the ""ancient longest wall"" likely refers to the Great Wall of China. This iconic structure, which stretches over 13,000 miles, was built primarily to protect Chinese states and empires from invasions and raids. The wall's construction began as early as the 7th century BC and continued through various dynasties, with significant portions built during the Ming Dynasty (1368–1644). Given this context, it is reasonable to conclude that the lizard in question would have lived in China, particularly in the regions where the wall is located. The diverse ecosystems surrounding the Great Wall, which include deserts, mountains, and grasslands, provide habitats for various lizard species native to China."
38,Where might someone go to watch a flute?,opinion,"To watch a flute performance, one might consider attending various venues where live music is showcased. Concert halls and theaters often host orchestral performances, chamber music concerts, and solo recitals featuring flutists. Music festivals, particularly those focused on classical or contemporary music, frequently include flute performances as part of their programming. Additionally, educational institutions such as conservatories and universities may hold student recitals or faculty concerts that feature the flute. 

For a more casual experience, local community events, such as outdoor concerts or cultural festivals, may also feature flute players. Furthermore, online platforms and streaming services provide access to recorded performances, allowing audiences to enjoy flute music from the comfort of their homes. Overall, there are numerous opportunities to experience flute performances across various settings, catering to diverse musical tastes."
39,"Family is always the best for devotion, but it is also nice if a person has what?",opinion,"While family often serves as a primary source of devotion and support, having a strong network of friends can also be immensely beneficial. Friendships provide emotional support, companionship, and opportunities for social interaction that can enhance an individual's well-being. Friends can offer different perspectives, share experiences, and provide a sense of belonging outside of familial ties. Additionally, friendships can foster personal growth, as they often encourage individuals to explore new interests and engage in diverse activities. In essence, while family is a cornerstone of devotion, cultivating meaningful friendships can enrich a person's life, contributing to a balanced and fulfilling social environment."
40,How do you make a cup of pour-over coffee?,procedural,"Making a cup of pour-over coffee involves a few essential steps that emphasize precision and technique to achieve a flavorful brew. First, gather your materials: freshly roasted coffee beans, a grinder, a pour-over dripper (such as a V60 or Chemex), a filter, a kettle, and a scale. Begin by measuring out the coffee beans, typically using a ratio of about 1:15 coffee to water, which means for every gram of coffee, you will use approximately 15 grams of water. 

Grind the coffee beans to a medium-coarse consistency, similar to sea salt. Place the filter in the dripper and rinse it with hot water to eliminate any paper taste and preheat the dripper. Discard the rinse water, then add the ground coffee to the filter. 

Next, heat water to just below boiling, around 200°F (93°C). Start the brewing process by pouring a small amount of water over the coffee grounds to allow them to bloom, which releases carbon dioxide and enhances flavor. After about 30 seconds, continue pouring water in a slow, circular motion, ensuring all grounds are saturated. The total brewing time should be around three to four minutes. Once the water has fully drained through the coffee, remove the dripper, and your pour-over coffee is ready to enjoy. This method allows for greater control over the brewing process, resulting in a clean and aromatic cup of coffee."
41,"How do you do laundry properly, including sorting and washing?",procedural,"Doing laundry properly involves several key steps to ensure that clothes are cleaned effectively while minimizing damage. The first step is sorting the laundry. Clothes should be separated by color, fabric type, and washing instructions. Generally, it is advisable to separate whites, darks, and colors to prevent color bleeding. Additionally, delicate fabrics such as silk or lace should be washed separately from heavier items like towels or jeans to avoid damage.

Once sorted, it is important to check the care labels on each garment for specific washing instructions, including water temperature and cycle settings. Most laundry can be washed in cold water, which is energy-efficient and helps prevent color fading. However, heavily soiled items may require warm or hot water. 

When loading the washing machine, avoid overloading it, as this can prevent proper cleaning and rinsing. Use an appropriate amount of detergent, following the manufacturer's recommendations based on load size and soil level. After washing, clothes should be dried according to their care labels, which may involve air drying or using a dryer on a suitable heat setting. Following these steps will help maintain the quality and longevity of clothing while ensuring they are clean and fresh."
42,How do you cook a basic omelette?,procedural,"Cooking a basic omelette involves a few simple steps that yield a versatile and satisfying dish. Begin by gathering your ingredients, which typically include eggs, salt, and pepper. You may also choose to add fillings such as cheese, vegetables, or meats, depending on your preference. 

Start by cracking two to three eggs into a bowl, then whisk them together until the yolks and whites are fully combined. Season the mixture with a pinch of salt and pepper. Next, heat a non-stick skillet over medium heat and add a small amount of butter or oil, allowing it to melt and coat the pan evenly. 

Once the skillet is hot, pour in the egg mixture, tilting the pan gently to ensure even distribution. As the edges begin to set, use a spatula to gently lift them, allowing the uncooked eggs to flow to the edges. When the omelette is mostly set but still slightly runny on top, add your desired fillings. 

Carefully fold the omelette in half and let it cook for another minute to allow the fillings to warm through. Finally, slide the omelette onto a plate and serve immediately. This basic technique can be adapted with various ingredients to suit individual tastes."
43,How do you change a flat tyre on a car?,procedural,"Changing a flat tire on a car is a straightforward process that can be accomplished with a few essential tools and safety precautions. First, ensure the vehicle is parked on a stable, flat surface and engage the parking brake. If available, place wheel chocks behind the wheels to prevent the car from rolling. 

Next, remove the hubcap or wheel cover if necessary, and loosen the lug nuts slightly while the tire is still on the ground. This can be done using a lug wrench, turning the nuts counterclockwise. Once loosened, use a jack to lift the vehicle off the ground, following the manufacturer's instructions for the correct jacking points. 

After the car is elevated, remove the lug nuts completely and take off the flat tire. Align the spare tire with the wheel hub and place it onto the hub. Hand-tighten the lug nuts onto the spare tire, ensuring they are secure. Lower the vehicle back to the ground and then tighten the lug nuts fully in a crisscross pattern to ensure even pressure. Finally, replace the hubcap if applicable, and store the flat tire and tools back in the vehicle. It is advisable to have the flat tire repaired or replaced as soon as possible."
44,How do you create and stick to a personal monthly budget?,procedural,"Creating and adhering to a personal monthly budget involves several systematic steps that can help individuals manage their finances effectively. The first step is to assess one’s income, which includes all sources of revenue such as salaries, bonuses, and any side income. Next, it is essential to track and categorize expenses, distinguishing between fixed costs, such as rent and utilities, and variable costs, such as groceries and entertainment. This categorization allows for a clearer understanding of spending habits.

Once income and expenses are established, the next step is to set financial goals, which may include saving for emergencies, paying off debt, or planning for future investments. With these goals in mind, individuals can allocate their income accordingly, ensuring that essential expenses are covered while also designating funds for savings and discretionary spending.

To stick to the budget, it is crucial to regularly review and adjust it as necessary. This can involve monitoring spending through apps or spreadsheets and making conscious decisions to limit unnecessary expenses. Establishing a routine for budget reviews, such as at the end of each month, can help maintain accountability and encourage adherence to the financial plan. By following these steps, individuals can create a sustainable budget that aligns with their financial goals and lifestyle."
45,How do you properly clean and maintain a kitchen knife?,procedural,"Proper cleaning and maintenance of a kitchen knife are essential for ensuring its longevity and performance. After each use, it is important to wash the knife by hand with warm, soapy water. Avoid using abrasive sponges or scouring pads, as these can scratch the blade. Instead, a soft cloth or sponge should be used to gently clean the blade, taking care to wipe it in the direction of the edge to prevent dulling. After washing, the knife should be thoroughly dried with a clean towel to prevent rust or corrosion, especially if it is made of high-carbon steel.

Regular maintenance includes honing the blade with a honing steel to realign the edge, which should be done before or after each use. Additionally, periodic sharpening is necessary to maintain a sharp edge; this can be done using a whetstone, electric sharpener, or professional sharpening service, depending on the knife's material and design. It is also advisable to store knives in a designated knife block, magnetic strip, or protective sheath to prevent damage to the blade and ensure safety. By following these practices, a kitchen knife can remain effective and safe for many years."
46,How do you pack efficiently for a one-week trip?,procedural,"Packing efficiently for a one-week trip involves careful planning and organization to ensure that you have everything you need without overpacking. Start by creating a packing list that includes essential items such as clothing, toiletries, and any necessary documents. Consider the climate and activities planned for the trip to select appropriate outfits. A good strategy is to choose versatile clothing that can be mixed and matched, allowing for multiple outfits with fewer items.

Utilize packing techniques such as rolling clothes instead of folding them, which can save space and reduce wrinkles. Packing cubes can also help keep items organized and easily accessible. Be mindful of the weight and size restrictions of your luggage, especially if you are flying. To maximize space, fill shoes with smaller items like socks or chargers. Additionally, consider the use of travel-sized toiletries to minimize bulk.

Finally, leave some room for souvenirs or items you may acquire during your trip. By following these strategies, you can pack efficiently, ensuring a smooth and enjoyable travel experience."
47,How do you set up a basic Python virtual environment?,procedural,"Setting up a basic Python virtual environment is a straightforward process that helps manage dependencies for different projects separately. To begin, ensure that Python is installed on your system. You can check this by running the command `python --version` or `python3 --version` in your terminal or command prompt.

Once Python is confirmed to be installed, you can create a virtual environment using the `venv` module, which is included in the standard library. Navigate to your project directory in the terminal and execute the command `python -m venv env`, where ""env"" is the name you wish to give to your virtual environment. This command will create a new directory named ""env"" containing the necessary files for the virtual environment.

To activate the virtual environment, the command varies depending on your operating system. On Windows, use `env\Scripts\activate`, while on macOS and Linux, the command is `source env/bin/activate`. Once activated, your terminal prompt will change to indicate that you are now working within the virtual environment. You can then install packages using `pip`, and they will be confined to this environment. To deactivate the virtual environment, simply run the command `deactivate`. This setup allows for better project organization and avoids conflicts between package versions."
48,How do you perform a clean installation of an operating system on a laptop?,procedural,"Performing a clean installation of an operating system on a laptop involves several key steps to ensure a successful setup. First, it is essential to back up any important data, as a clean installation will erase all existing files and applications on the device. Next, obtain the installation media for the desired operating system, which can be a USB drive or DVD containing the OS installation files. 

To begin the installation process, insert the installation media into the laptop and restart the device. Access the boot menu, typically by pressing a specific key during startup, such as F2, F12, or Esc, depending on the laptop manufacturer. Select the installation media as the boot device. 

Once the installation process starts, follow the on-screen prompts to select language preferences and agree to the license terms. When prompted, choose the option for a custom installation, which allows you to format the existing partitions. This step is crucial for ensuring a clean slate. After formatting, select the primary partition for the installation and proceed. 

The installation will take some time, and the laptop may restart several times. After the installation is complete, configure the system settings, create user accounts, and install necessary drivers and software. Finally, restore any backed-up data as needed. This process results in a fresh operating system installation, free from previous configurations and files."
49,How do you back up your smartphone data before switching to a new phone?,procedural,"Backing up smartphone data before switching to a new phone is an essential step to ensure that important information is not lost during the transition. The process varies slightly depending on whether the device is an Android or an iPhone. 

For iPhone users, the most common method is to use iCloud. Users can go to Settings, tap on their name, select iCloud, and then choose ""iCloud Backup."" From there, they can initiate a backup. Alternatively, data can be backed up using iTunes or Finder on a computer by connecting the iPhone via USB and selecting the option to back up the device. 

Android users typically back up their data through their Google account. By going to Settings, selecting ""System,"" then ""Backup,"" users can enable Google Backup, which saves app data, call history, contacts, and settings. Additionally, many Android manufacturers offer their own backup solutions, which can be accessed through the device's settings. 

Regardless of the platform, it is advisable to ensure that all important data, such as photos, videos, and documents, are included in the backup. After backing up, users can proceed to set up their new device, restoring the data from the backup during the initial setup process."
50,How do you set up two-factor authentication on an online account?,procedural,"Setting up two-factor authentication (2FA) on an online account enhances security by requiring not only a password but also a second form of verification. To begin, log into your online account and navigate to the security settings, which are often found under account settings or privacy options. Look for an option labeled ""Two-Factor Authentication,"" ""Two-Step Verification,"" or similar terminology.

Once you select this option, you will typically be prompted to choose your preferred method of receiving the second factor. Common methods include receiving a text message with a code, using an authentication app like Google Authenticator or Authy, or receiving an email with a verification link. If you opt for an authentication app, you will need to scan a QR code provided by the website to link the app to your account.

After selecting your method, follow the prompts to complete the setup, which may involve entering a code sent to your phone or generated by the app. It is advisable to save backup codes provided during the setup process, as these can be used to access your account if you lose access to your primary 2FA method. Once completed, 2FA will be active, adding an extra layer of security to your online account."
51,How do you troubleshoot a slow internet connection at home?,procedural,"Troubleshooting a slow internet connection at home involves several systematic steps to identify and resolve the issue. First, check the speed of your internet connection using an online speed test. This will help you determine if the speed is significantly lower than what you are paying for. If the speed is inadequate, restart your modem and router, as this can often resolve temporary connectivity issues.

Next, examine the placement of your router. Ensure it is positioned in a central location, away from obstructions and electronic devices that may cause interference. If you are using Wi-Fi, consider connecting your device directly to the router with an Ethernet cable to see if the speed improves, which can indicate a problem with the wireless signal.

Additionally, check for any bandwidth-heavy applications running on your devices, such as streaming services or large downloads, which can slow down your connection. If multiple devices are connected to the network, consider limiting their usage during peak times. Finally, if the problem persists, contact your Internet Service Provider (ISP) to inquire about potential outages or issues in your area, or to discuss upgrading your service if necessary."
52,How do you create a pivot table in a spreadsheet application?,procedural,"Creating a pivot table in a spreadsheet application, such as Microsoft Excel or Google Sheets, involves several straightforward steps. First, ensure that your data is organized in a tabular format, with clear headers for each column. Select the range of data you wish to analyze, including the headers.

In Microsoft Excel, navigate to the ""Insert"" tab on the ribbon and click on ""PivotTable."" A dialog box will appear, allowing you to choose whether to place the pivot table in a new worksheet or an existing one. After making your selection, click ""OK."" This will open a new interface where you can drag and drop fields from your data into different areas: Rows, Columns, Values, and Filters. This arrangement allows you to summarize and analyze your data dynamically.

In Google Sheets, the process is similar. Click on ""Data"" in the menu, then select ""Pivot table."" Choose the data range and decide where to place the pivot table. Once created, a sidebar will appear, enabling you to add rows, columns, values, and filters to customize your analysis.

After setting up the pivot table, you can further refine it by adjusting the fields and applying various calculations, such as sums or averages, to gain insights from your data."
53,How do you compress and send a large folder of files to someone?,procedural,"To compress and send a large folder of files, you can follow a straightforward process. First, you need to compress the folder into a single file to reduce its size and make it easier to send. This can be done using file compression software such as WinRAR, 7-Zip, or the built-in compression tools available in most operating systems. On Windows, you can right-click the folder, select ""Send to,"" and then choose ""Compressed (zipped) folder."" On macOS, right-click the folder and select ""Compress [folder name]."" 

Once the folder is compressed, you can send it via email or a file-sharing service. If the compressed file is small enough, you can attach it directly to an email. However, many email services have size limits, typically around 25 MB. For larger files, consider using cloud storage services like Google Drive, Dropbox, or OneDrive. Upload the compressed file to the chosen service, and then share the link with the recipient, ensuring they have the necessary permissions to access the file. This method allows for efficient transfer of large files while maintaining accessibility for the recipient."
54,How should you prepare for a job interview?,procedural,"Preparing for a job interview involves several key steps to ensure that you present yourself as a strong candidate. First, it is essential to research the company thoroughly. Understand its mission, values, culture, and recent developments, as this knowledge will help you tailor your responses and demonstrate your genuine interest in the organization.

Next, review the job description carefully to identify the skills and experiences that are most relevant to the position. Prepare specific examples from your past work or academic experiences that showcase your qualifications and how they align with the job requirements. Practicing common interview questions, such as those related to your strengths, weaknesses, and career goals, can also help you articulate your thoughts clearly and confidently.

Additionally, consider preparing questions to ask the interviewer, as this shows your engagement and interest in the role. Finally, ensure that you dress appropriately for the interview, arrive on time, and bring any necessary documents, such as your resume and references. By following these steps, you can enhance your confidence and increase your chances of making a positive impression."
55,How do you write an effective cover letter for a job application?,procedural,"Writing an effective cover letter for a job application involves several key components that together create a compelling narrative about your qualifications and interest in the position. First, it is essential to address the letter to a specific person, if possible, using their name and title. This personal touch demonstrates your attention to detail and genuine interest in the role.

Begin the letter with a strong opening that captures the reader's attention, such as a brief statement about your enthusiasm for the position or a relevant achievement. In the body of the letter, clearly articulate your qualifications by highlighting specific experiences and skills that align with the job description. Use concrete examples to illustrate how your background makes you a suitable candidate, focusing on how you can contribute to the organization.

Additionally, it is important to convey your understanding of the company’s values and goals, showing that you have done your research and are genuinely interested in being part of their team. Conclude the letter with a strong closing statement that reiterates your enthusiasm and invites further discussion, such as expressing your desire for an interview. Finally, ensure that the letter is well-organized, free of errors, and maintains a professional tone throughout. This approach will help create a positive impression and increase your chances of securing an interview."
56,How do you take effective notes during a lecture or meeting?,procedural,"Taking effective notes during a lecture or meeting is essential for retaining information and facilitating later review. To begin, it is important to prepare adequately by reviewing any relevant materials beforehand, which can provide context and enhance understanding. During the lecture or meeting, focus on capturing key points rather than transcribing everything verbatim. This can be achieved by listening for main ideas, supporting details, and any emphasized concepts.

Utilizing a structured format can also improve note-taking efficiency. The Cornell method, for example, involves dividing the page into sections for cues, notes, and a summary, which helps organize information logically. Abbreviations and symbols can be employed to speed up writing, but it is crucial to ensure that they are understandable during review. Additionally, highlighting or underlining important information can aid in later identification of critical points.

After the lecture or meeting, reviewing and revising notes promptly is beneficial. This process reinforces memory retention and allows for the clarification of any unclear points. Overall, effective note-taking combines preparation, active listening, structured organization, and timely review to enhance comprehension and retention of information."
57,How do you plan and write a research essay from scratch?,procedural,"Planning and writing a research essay from scratch involves several systematic steps that ensure a coherent and well-supported argument. The first step is to choose a topic that is both interesting and manageable, ideally one that allows for exploration of various perspectives. Once a topic is selected, conducting preliminary research is essential to gather background information and refine the research question. This helps in identifying key themes and relevant sources.

Next, creating an outline is crucial. This outline should include an introduction that presents the thesis statement, body paragraphs that each focus on a specific point or argument, and a conclusion that summarizes the findings and reflects on the implications. Each body paragraph should be supported by evidence from credible sources, which necessitates thorough research using academic journals, books, and reputable websites.

After the outline is established, the writing process can begin. It is important to write in a clear and organized manner, ensuring that each paragraph transitions smoothly to the next. Citing sources properly is also vital to avoid plagiarism and to lend credibility to the essay. Finally, revising and editing the draft is essential to improve clarity, coherence, and overall quality. This process may involve multiple rounds of feedback and refinement before arriving at the final version of the essay."
58,How do you give constructive feedback to a colleague?,procedural,"Giving constructive feedback to a colleague is an essential skill that fosters professional growth and enhances team dynamics. To provide effective feedback, it is important to approach the conversation with a clear and respectful mindset. Begin by ensuring that the feedback is specific and focused on observable behaviors rather than personal attributes. This helps the recipient understand exactly what actions need to be addressed.

It is beneficial to use the ""sandwich"" approach, where positive observations are presented alongside areas for improvement. Start with a genuine compliment about what the colleague is doing well, then transition to the constructive feedback, and conclude with encouragement or a reaffirmation of their strengths. This method helps to create a supportive atmosphere, making it easier for the colleague to receive the feedback without feeling defensive.

Additionally, it is crucial to be timely and to provide feedback in a private setting to maintain confidentiality and respect. Encourage a two-way dialogue, allowing the colleague to share their perspective and ask questions. This collaborative approach not only enhances understanding but also promotes a culture of continuous improvement within the team. Ultimately, constructive feedback should aim to empower the colleague and contribute positively to their professional development."
59,How do you set up a productive daily study routine?,procedural,"Establishing a productive daily study routine involves several key steps that can enhance focus and retention. First, it is essential to define clear, achievable goals for each study session. This helps to create a sense of purpose and direction. Next, selecting a consistent time and place for studying can significantly improve concentration. A quiet, well-lit environment free from distractions is ideal.

Incorporating a structured schedule is also beneficial. This can include breaking study sessions into manageable blocks, such as 25 to 50 minutes of focused work followed by short breaks. Techniques like the Pomodoro Technique can be effective in maintaining productivity. Additionally, prioritizing tasks based on urgency and importance can help in managing time effectively.

Furthermore, utilizing active learning strategies, such as summarizing information, teaching concepts to others, or engaging in practice tests, can enhance understanding and retention. Finally, it is important to regularly review and adjust the routine based on what works best for individual learning styles and preferences. By following these guidelines, one can create a sustainable and effective study routine that fosters academic success."
